,filename,utterances,timestamps
0,c20.cha,"['een meisje die gaat met de gieter .', 'die doet die gaat de kraan opendoen .', 'en die gaat hem volmaken .', 'en dan gaat hij dan gaat de dokter en de meisje bloemetjes zaaien bloemetjes xxx .', 'en de dokter die plukt een bloem .', 'en . . hij geeft de bloem aan dat meisje .', 'en hij . doet hem op zijn . hoofd .', 'een piraat die gaat voetballen .', 'die schopt hem in het water .', 'en dan komt de ridder .', 'die gaat de bal vangen .', 'die heeft de bal in het net .', 'en daar heeft de piraat de bal weer terug .', 'een prinses die heeft een centje één cent .', 'die krijgt een ijsje .', 'dat geeft hij aan de heks .', 'dan wordt de heks blij .', 'dan gaat hij hem opeten .', 'dan gaat hij nog eentje . doen .', 'een indiaan die wil een appel hebben .', 'hij doet zijn ladder op de boom .', 'en hij pakt hem .', 'en dan doet hij en dan gaat de cowboy hem wegpakken .', 'en dan gaat de cowboy naar een andere appelboom toe .', 'en dan moet en en en dan denkt hij dat zijn ladder weg is .', 'en dan is hij ook weg .']","[['740', '3620'], ['5000', '9500'], ['9760', '11560'], ['14580', '31120'], ['22990', '26630'], ['27410', '37970'], ['40730', '69110'], ['73130', '82230'], ['83990', '86850'], ['90070', '92210'], ['96550', '98330'], ['99730', '126570'], ['124240', '137560'], ['153620', '154160'], ['146480', '153260'], ['154640', '159240'], ['165360', '167280'], ['168380', '174100'], ['175840', '181100'], ['217990', '220730'], ['221650', '225870'], ['227110', '230270'], ['233820', '237900'], ['239000', '249480'], ['252000', '257880'], ['257720', '259020']]"
1,c08.cha,"['een meisje gaat de water bloemetjes geven .', 'en die doet er water in .', 'en die wil een bloemetje plukken aan de dokter .', 'en die pakt het bloemetje .', 'en geeft hem aan de dokter .', 'en toen zei ze', 'en toen was ze zo lief .', 'de piraat gaat met de bal spelen .', 'en toen gooide die in het water .', 'en toen begon hij te huilen .', 'en toen kwam de ridder hem pakken .', 'en toen was toen was de piraat zo blij .', 'en toen ging hij hem uit het water halen .', 'en toen was hij heel blij .', 'de prinses ging een ijsje halen met een centje geven .', 'en toen vond ze het lekker .', 'en toen geeft ze aan de heks .', 'en toen was de heks zo blij .', 'en en toen ging de heks hem opeten .', 'en toen wilde ze nog één voor haarzelf kopen .', 'de indiaan ging een appeltje halen .', 'en toen klom die met de ladder naar boven .', 'en toen kwam de cowboy eraan .', 'en toen ging de boom krakken .', 'en toen haalde die ladder weg .', 'en toen ging de boom krakken .', 'en toen zat hij helemaal alleen in de boom .', 'en toen zei die', 'help .']","[['1460', '4380'], ['6880', '8880'], ['13100', '17480'], ['19520', '21840'], ['22140', '23880'], ['26640', '29680'], ['30180', '36260'], ['59990', '63470'], ['65670', '68330'], ['69270', '73330'], ['73550', '75890'], ['79250', '83990'], ['85610', '90550'], ['92550', '95370'], ['115650', '120130'], ['121630', '124270'], ['126130', '129090'], ['130650', '135190'], ['139170', '143290'], ['145650', '151910'], ['169950', '173050'], ['174910', '177910'], ['180270', '182630'], ['183390', '185230'], ['187170', '191350'], ['191490', '192830'], ['193610', '200030'], ['201310', '202950'], ['203410', '203910']]"
2,c09.cha,"['de elf heeft een gieter .', 'ze vult hem met water .', 'en ze maakt de bloemetjes nat .', 'en de dokter kijkt erbij .', 'de dokter plukt hem .', 'en de dokter geeft hem aan de fee .', 'ik bedoel elf .', 'en de elf kijkt blij .', 'de piraat heeft een bal .', 'hij voetbalt ermee .', 'de bal komt in het water .', 'en de ridder komt eraan .', 'de ridder heeft een net .', 'daar vangt hij hem ermee uit .', 'en de piraat kijkt weer blij met zijn bal .', 'de prinses koopt een ijsje voor één euro .', 'ze eet hem op .', 'ze geeft hem aan de heks .', 'de heks is heel blij .', 'de heks eet hem op .', 'en de prinses koopt er nog een .', 'de indiaan gaat naar de boom .', 'hij klimt op zijn ladder in de boom .', 'de cowboy komt eraan .', 'en hij haalt de trap weg .', 'nou kan de indiaan er niet meer af .', 'help .']","[['690', '3030'], ['7590', '9290'], ['13530', '16090'], ['16130', '17910'], ['21800', '23600'], ['24240', '29680'], ['29820', '30800'], ['33880', '35400'], ['59390', '61570'], ['61610', '65590'], ['65870', '70010'], ['69930', '71210'], ['72850', '76890'], ['78810', '80790'], ['82390', '86290'], ['114340', '117880'], ['118820', '122760'], ['123700', '126580'], ['127320', '130940'], ['162960', '163560'], ['167740', '168360'], ['166720', '168960'], ['169320', '174160'], ['174700', '178720'], ['179880', '184800'], ['187990', '189950'], ['191450', '194150']]"
3,c21.cha,"['ze heeft de gieter vast .', 'ze gaat water indoen .', 'de zuster die komt .', 'de zuster plukt bloemetjes .', 'de zuster heeft iets een bloemetje in haar hand .', 'ze doet het bloemetje in haar haar .', 'een piraat heeft de bal vast .', 'schopt hem in het water .', 'komt de ridder .', 'de ridder heeft iets in de hand .', 'de ridder vangt de bal uit het water .', 'piraat heeft de bal weer vast .', 'de prinses wil een ijsje kopen .', 'ze heeft een ijsje in haar hand .', 'ze geeft het ijsje aan de heks .', 'de heks heeft een ijsje in de hand .', 'de heks likt erop .', 'ze koopt nog een ijsje .', 'de indiaan wil met de boom .', 'hij klimt op de ladder .', 'de cowboy kwam .', 'hij deed de ladder eraf .', 'en nam hem mee .', 'hij wilde er niet meer vanaf .']","[['1260', '2980'], ['3200', '8580'], ['10360', '16040'], ['20200', '22020'], ['24780', '31520'], ['34600', '36400'], ['56370', '58510'], ['60010', '63270'], ['64450', '68230'], ['69260', '77220'], ['77480', '83360'], ['117750', '118270'], ['106140', '111520'], ['115380', '118680'], ['118540', '124380'], ['127740', '131560'], ['133440', '136780'], ['138020', '140700'], ['159630', '161310'], ['165340', '166200'], ['171560', '173360'], ['174460', '179060'], ['180400', '182900'], ['215640', '216220']]"
4,c23.cha,"['danseres . met een gieter .', 'doet hij het water in de gieter .', 'doet hij een kraan in de gieter .', 'en dan giet ze de bloemen .', 'en dan plukt de dokter een bloem .', 'en dan geeft hij aan de danseres .', 'dan doet hij het op zijn haar .', 'een piraat . met een voetbal .', 'en hij ligt in het water .', 'en dan komt de ridder met een net .', '. en de piraat .', 'en dan vangt de ridder die bal uit het water .', 'en dan heeft de piraat weer de voetbal .', 'een prinses bij de ijsco .', 'en nu heeft hij een ijsje .', 'en dan komt de heks .', 'en die vraagt aan de aan aan de prinses', 'mag ik dat ijsje ?', 'dankjewel .', 'zei de heks .', 'toen at de heks die op .', 'toen kwam de prinses weer bij de ijsco .', 'de indiaan bij de appelboom .', 'dan pakt hij een appel .', 'en dan komt de cowboy .', 'en die pakt de ladder . af .', 'toen nam de cowboy die mee .', 'en toen zei die de indiaan', '& oei de ladder is weg .']","[['1220', '2960'], ['7680', '9780'], ['10060', '13920'], ['18020', '20880'], ['21440', '28680'], ['31900', '47760'], ['65000', '65600'], ['65940', '74680'], ['76120', '85640'], ['87120', '97160'], ['98160', '99180'], ['99520', '106900'], ['108800', '112660'], ['159700', '160320'], ['177930', '181630'], ['183410', '185950'], ['185990', '190110'], ['190490', '191390'], ['191490', '191990'], ['195230', '196230'], ['200600', '203460'], ['204940', '209080'], ['254800', '255360'], ['248980', '250080'], ['250040', '251220'], ['252770', '255130'], ['256670', '261150'], ['261790', '267110'], ['267610', '269190']]"
5,c22.cha,"['deze weet ik niet .', 'hij gaat de plantjes water geven .', 'en hij gaat naar de kraan .', 'en gaat de kraan aandraaien .', 'en dan komt er water uit .', 'en dit weet ik niet .', 'de dokter wil een bloem .', 'en hij geeft die aan de . . danseres .', 'hij stopt hem in haar haren .', '& ehm Pietpiraat wil de bal .', 'en hij schopt de bal in de water .', 'maar hij is verdrietig .', '& ehm dan xxx zegt', 'dat is een beetje dom .', 'maar ik heb mijn bal in de water', 'en ik heb wel een net .', 'ik kan hem wel opvangen .', 'zei de piraat .', 'de prinses wil een ijsje .', 'hij moet één euro betalen .', 'dan krijgt hij een ijsje .', '& ehm . .. de prinses zei', 'ik wil wit .', 'ik wil donker groen .', 'en ik wil grijs .', 'en toen zei de toen kwam er een heks aan .', 'en die wilde die een ijsje die ijsje .', 'dus toen zei de prinses', 'jij mag die wel .', 'ze had hem xxx de heks', 'lekker .', 'ging die hem opeten .', 'weer een centje geven voor zichzelf .', 'de indiaan wil een appel', 'hij klimt op het laddertje .', 'en pakt de appel .', 'en kwam er een cowboy cowboy aan die dat appeltje wilde .', 'en toen kwam hij . & ehm .. .', 'de cowboy zei & ehm .. .', 'hij gaat de laddertje wegpakken .', 'en .. & ehm .. .', 'en die gaat hij daar even wachten .', 'en gaat hij zelf even appeltje pakken .', 'en dan gaat hij bijna vallen .']","[['950', '3290'], ['7810', '13250'], ['17390', '18790'], ['18500', '21980'], ['22600', '23940'], ['27520', '32680'], ['42460', '45260'], ['49700', '54040'], ['81650', '92870'], ['94760', '95980'], ['96580', '100180'], ['103100', '108100'], ['115660', '116080'], ['116380', '117580'], ['118920', '121060'], ['125380', '129060'], ['129080', '130480'], ['138710', '145810'], ['162730', '164710'], ['166630', '168350'], ['168690', '170070'], ['182180', '183500'], ['184220', '185000'], ['185180', '189140'], ['189660', '191160'], ['193460', '197380'], ['197360', '202740'], ['204060', '206180'], ['207060', '208220'], ['212200', '214440'], ['214980', '215480'], ['217060', '218820'], ['232280', '236620'], ['265110', '266810'], ['268170', '272090'], ['272670', '274110'], ['277210', '283410'], ['289160', '291700'], ['291700', '298740'], ['303500', '306640'], ['310960', '311460'], ['308760', '318120'], ['318240', '320740'], ['321040', '325900']]"
6,c26.cha,"['ja .', 'nee .', 'gaat ze water erin doen .', 'en dan gaat ze de bloemeren bloemetjes water geven .', 'gaat ze en dan gaat de zuster ofzo een bloemetje pakken .', 'en die geeft ze aan de', 'doet ze in zijn haar .', 'piraat gaat voetballen .', 'en hij schopt hem .', 'en hij ligt in de water .', 'weet ik niet .', 'gaat hij de bal vangen .', 'dan is hij blij .', 'gaat de prinses een ijsje kopen .', 'weet ik niet .', 'dan geeft ze hem aan de heks .', 'gaat de heks het ijsje opeten .', 'nu gaat de heks zijn ijsje opeten .', 'gaat de prinses weer een ijsje kopen .', 'gaat de indiaan appels uit de boom halen .', 'en dan klimt hij in de boom .', 'dan gaat hij een appel opeten pakken .', 'dan gaat de ladder weg .', 'dan gaat de cowboy .. hem gebruiken .', 'nu kan die niet meer naar beneden .']","[['17260', '17760'], ['43250', '43750'], ['58470', '62090'], ['69280', '74400'], ['80110', '86390'], ['89570', '92630'], ['101970', '105850'], ['132760', '134000'], ['140380', '141680'], ['143880', '154540'], ['186580', '187980'], ['197060', '199780'], ['200460', '205260'], ['221600', '224880'], ['249060', '251680'], ['265240', '270380'], ['294650', '300210'], ['342810', '346110'], ['349650', '352490'], ['373970', '378710'], ['381900', '385640'], ['386720', '392600'], ['396780', '399700'], ['406310', '418990'], ['419770', '423610']]"
7,c32.cha,"['.. ja .', 'die gaat de planten water geven .', 'de danseres gaat .. de', 'ja .', 'maar ik weet niet hoe dat heet .', 'ja gieter .', 'dat wist ik niet meer .', 'nee .', 'danseres gaat de bloemetjes water geven .', 'en toen ging de', 'hoe heet hij ook alweer ?', 'zuster een bloemetje plukken .', '& ehm . en toen gaf ze hem aan de danseres .', 'en toen had ze hem op zijn haar gedaan .', 'de Pietpiraat gaat met de bal spelen .', 'en hij schopt hem in het water .', 'en hij huilde .', 'en deze vind ik een beetje moeilijk .', 'ja .', 'de ridder gaat de Pietpiraat in de gevangenis doen .', 'en hij vist de bal eruit .', 'uit het water .', 'en toen had hij weer de bal .', 'de prinses wilde een ijsje kopen .', 'en toen ging ze hem opeten .', 'en toen had hij hem aan de heks gegeven .', 'en toen ... ging die hem opeten .', 'en toen ging die & ehm eraan likken .', 'en toen wilde die nog een ijsje .', 'de .', 'ja .', 'ja .', '& ehm indiaan !', 'hij gaat een appel uit de boom pakken .', 'en toen ging die op de trappen klimmen .', 'en toen had hij [///] en toen zat hij in de boom .', 'en toen pakte die de trap weg . de cowboy .', 'en toen wilde [///] durf die er niet uit .', 'en toen zei die', 'help !']","[['39520', '40020'], ['14940', '20200'], ['25820', '32420'], ['49780', '50280'], ['50320', '53440'], ['55080', '55720'], ['56040', '57420'], ['57300', '57800'], ['81860', '83960'], ['86780', '92740'], ['92980', '94240'], ['94720', '100120'], ['103690', '111650'], ['113510', '118930'], ['142530', '146170'], ['146630', '153750'], ['156030', '158970'], ['164410', '167750'], ['168410', '168910'], ['171350', '175870'], ['176190', '182570'], ['183330', '184710'], ['187750', '190390'], ['214520', '217700'], ['218560', '223800'], ['225220', '229360'], ['233100', '247140'], ['269460', '281200'], ['287460', '288060'], ['281320', '282900'], ['297960', '298460'], ['300640', '301140'], ['311420', '311920'], ['316500', '319260'], ['321140', '324240'], ['325560', '330220'], ['331900', '337060'], ['339300', '343440'], ['344120', '350220'], ['350540', '351040']]"
8,c33.cha,"['.. hij heeft een gieter .', 'hij geeft de bloemen water .', 'de ziekenhuis die pakt het .', 'en nu heeft hij de xxx uit .', 'hij doet een bloem op zijn . haar .', 'de piraat heeft een bal in zijn hand .', 'hij gaat ermee voetballen .', 'hij is in het water gevallen .', 'pakt een visse .', 'de ridder heeft de bal .', 'de piraat heeft hem weer .', 'de tovenaar koopt een ijsje .', 'die eet hem op .', 'en hij geeft hem aan iemand .', 'hij hij heeft een ijs in zijn hand .', 'en hij eet hem op .', 'dan koopt hij zelf nog een ijsje .', 'hij pakt een appel .', 'de indiaan die klimt op de trap .', 'en de indiaan die pakt weer de appel .', '... de meneer die pakt de trap af .', 'en die gaat naar de andere appelboom .', 'en en en hij hij is verdrietig .']","[['12100', '15960'], ['31880', '35220'], ['42910', '44070'], ['46550', '55830'], ['69730', '77410'], ['102910', '111270'], ['116330', '118990'], ['157140', '157780'], ['152580', '153960'], ['159520', '162840'], ['164540', '168800'], ['197980', '200020'], ['204160', '206060'], ['207520', '215300'], ['236000', '242260'], ['244620', '248600'], ['287330', '287910'], ['278950', '287450'], ['290550', '299510'], ['300080', '303980'], ['311480', '316100'], ['322820', '325300'], ['327520', '349700']]"
9,c27.cha,"['water geven aan de bloemen .', 'onder de kraan .', 'en dan geeft ze de bloemen water .', 'die dokter plukt de bloemen .', 'die bloemen geeft ze aan dat meisje .', 'die doet ze op zijn haar .', 'met een bal aan het spelen .', 'die schopt hem weg .', 'hij huilt .', 'de ridder pakt hem .', 'met een net .', 'de bal .', 'hij vangt die bal op .', 'en dan hebt hij de bal weer .', 'prinses .', 'een ijsje .', 'hij eet die ijsje op .', 'dat ijsje geeft ze aan het de heks .', 'en de heks eet hem op .', 'hij eet hem op .', 'dan geeft hij een euro .', 'de .', '. weet ik niet meer .', 'hij gaat in de boom klimmen .', 'en dan klimt hij in de boom .', 'en dan haalt hij een appel .', 'en dan haalt hij de ladder weg .', 'en dan kan hij niet meer naar beneden .', 'en de tak gaat breken .']","[['20260', '22720'], ['26840', '29580'], ['29900', '36460'], ['42960', '45540'], ['45900', '51760'], ['52520', '58840'], ['81830', '87130'], ['90750', '92090'], ['92630', '97650'], ['101330', '104890'], ['112070', '113410'], ['113690', '114950'], ['117380', '119640'], ['124480', '126340'], ['154980', '155480'], ['156540', '160880'], ['162780', '164720'], ['168680', '173120'], ['176390', '178470'], ['182170', '183770'], ['185790', '188610'], ['211940', '212440'], ['223700', '227840'], ['232120', '235660'], ['238280', '240440'], ['242780', '244580'], ['246080', '250580'], ['254330', '256490'], ['257150', '261370']]"
10,c19.cha,"['een meisje een danseres geeft een beetje water aan de bloemetjes .', 'toen die op was ging ze weer water in doen .', 'toen . ging ze weer de bloemetjes water geven .', 'en toen kwam een dokter bij haar .', 'en de dokter plukte een bloemetje .', 'gaf het aan het meisje .', 'ze deed het in haar haar .', 'een piraat die had een bal vast .', 'hij schopte ermee .', 'en hij viel in het water .', 'de piraat moest huilen .', 'maar opeens kwam er een ridder bij de piraat staan .', 'en die zei', 'ik heb wel een net .', 'misschien kan ik hem wel vangen uit het water .', 'en toen ging die ridder hem uit het water uitvangen .', 'en toen keek die piraat weer blij .', 'want hij had zijn bal .', 'een prinses wilde graag een ijsje .', 'ze gaf een cent .', 'toen kreeg ze een ijsje .', 'wat was dat lekker .', 'ze gaf het aan een heks .', 'en toen hapte de heks .', 'en toen ging het prinsesje nog een ijsje halen .', 'een indiaan kwam bij een boom met een ladder .', 'hij & ehm zette de ladder tegen de boom .', 'hij klom erin .', 'plukte een appel .', 'komt de cowboy .', 'die haalde de ladder weg .', 'en toen nam die de ladder mee .', 'riep de indiaan .']","[['4190', '10410'], ['11050', '16750'], ['19690', '23690'], ['23970', '25910'], ['27850', '31770'], ['33050', '36170'], ['69100', '69700'], ['68780', '77480'], ['80040', '95280'], ['87740', '90240'], ['89860', '91660'], ['92200', '96100'], ['97620', '98620'], ['99120', '100300'], ['100280', '102680'], ['104140', '107920'], ['110200', '140580'], ['140080', '140680'], ['146570', '148870'], ['148990', '150190'], ['151930', '153910'], ['154790', '155910'], ['157730', '159970'], ['162750', '165090'], ['174670', '205150'], ['207420', '212160'], ['213420', '218820'], ['219400', '220300'], ['222420', '226060'], ['228790', '229970'], ['230190', '233170'], ['235450', '238490'], ['243330', '245310']]"
11,c31.cha,"['. een danseres . die de bloemen water geeft .', 'en daar doet ze het water in de kraan . in de gieter .', 'en daar gaat ze de bloemen gieten .', 'en de dokter staat erbij .', 'en de de en de dokter gaat die plukken .', 'en hij geeft ze aan aan de danseres .', 'en hij stopt en het meisje stopt hem in haar haar .', 'een piraat .', 'en hij heeft de bal .', 'en daar schopt hij met de bal .', 'en daar komt de kasteelwachter .', 'en hij helpt . die piraat .', 'helpt .', 'en daar heeft [/] en daar heeft de kasteelwachter een net .', 'en hij net raapt de bal op met het net .', 'en daar heeft hij zijn bal terug .', 'dat meisje wil een ijsje kopen .', 'en daar heeft ze een ijsje .', 'en hij geeft hem aan de heks .', 'en en daar heeft hij hem in zijn handen .', 'en daar likt eet hij hem op .', 'oh !', 'en daarna koopt ze nog een ijsje .', 'de die indiaan wil appels plukken .', 'en daar klimt hij met de ladder in de boom .', 'en daar heeft hij een appel .', 'en en de cowboy die haalt de ladder weg .', 'en en nu zit die indiaan in de boom .', 'en daar is kijk en en en daar is hij een beetje boos .']","[['300', '5600'], ['6140', '13120'], ['13340', '16420'], ['17420', '19400'], ['21160', '24340'], ['24980', '29000'], ['30660', '35360'], ['58540', '59340'], ['62920', '64260'], ['64360', '68520'], ['71340', '73500'], ['74030', '77450'], ['78270', '78770'], ['79530', '85610'], ['89390', '94230'], ['94690', '98270'], ['128560', '133440'], ['134220', '136940'], ['137960', '141460'], ['142760', '147380'], ['150000', '153660'], ['154760', '155260'], ['155360', '160580'], ['184390', '190530'], ['192780', '197040'], ['197360', '200140'], ['201300', '206760'], ['209440', '213380'], ['216200', '223440']]"
12,c30.cha,"['gaat bloemen water geven .', 'gaat hij nieuwe water daar weer in doen .', 'dokter gaat komen .', 'dokter gaat bloemen plukken .', 'een piraat .', 'hij gaat voetbal spelen .', 'hij gaat in het water schoppen .', '& ehm ... verdrietig .', 'hij gaat weer een bal pakken .', 'hij heeft hem .', 'hij gaat weer voetballen .', 'hij wil een ijsje kopen .', 'prinses gaat een ijsje likken .', 'wil je ook ijsje ?', 'dan gaat hij likken .', 'hij gaat een centje geven .', 'hij gaat appels pikken .', 'xxx ladder gaat vallen .', 'die gaat xxx omhoog doen .', 'hij gaat weer blij worden .', 'hij wordt nu xxx verdrietig .']","[['27820', '30480'], ['39650', '41390'], ['45450', '50530'], ['56910', '59610'], ['141030', '141790'], ['145410', '149870'], ['156030', '159790'], ['162310', '162810'], ['205740', '207740'], ['210620', '213080'], ['218430', '219490'], ['220210', '232750'], ['272440', '276320'], ['281490', '284090'], ['295450', '296570'], ['305350', '307710'], ['371900', '374080'], ['390810', '391770'], ['408200', '411860'], ['435200', '437100'], ['437440', '440720']]"
13,c18.cha,"['danseres die gaat de bloemetjes water geven .', 'die ging met de gieter naar een kraan .', 'ze ging de bloemetjes water geven .', 'de dokter vroeg of ze een bloemetje uit het gras mocht plukken .', 'en ze gaf het aan de danseres .', 'danseres deed de bloem in haar haar .', 'een piraat die was met de bal aan het spelen .', 'en hij ging de bal schoppen .', 'de bal die viel in het water .', 'de piraat moest huilen .', 'en een ridder kwam er aan met een net .', 'en die wilde de bal opvissen .', 'de piraat werd weer blij omdat de ridder de bal weer te pakken had .', 'de piraat was heel blij .', 'een prinsesje die ging naar de ijscoman .', 'ze kreeg een ijsje .', 'en en ze ging hem opeten .', 'toen kwam de heks er aan .', 'de heks die pakte het ijsje .', 'en de heks die ging het ijsje opeten .', 'toen ging de prinsesje nog een keer naar naar de ijscoman .', 'de indiaan die pakte een ladder .', 'en ging naar de boom toe .', 'hij zette de ladder tegen de stam aan .', 'en klom naar boven .', 'de indiaan die pakte een appel .', 'en toen kwam de de cowboy eraan .', 'en die pakte de ladder weg .', 'en de cowboy die ging hem door tegen nog een boom aandoen .']","[['2600', '4640'], ['5860', '13640'], ['18220', '20400'], ['21600', '30040'], ['31840', '38240'], ['41190', '71670'], ['79020', '82200'], ['83160', '87640'], ['89180', '94340'], ['94300', '95660'], ['100020', '102720'], ['102740', '106240'], ['106500', '114720'], ['115680', '119380'], ['150450', '153350'], ['157370', '159170'], ['159510', '161570'], ['162330', '171430'], ['172020', '177500'], ['178340', '184000'], ['216890', '217510'], ['225970', '228690'], ['229690', '231510'], ['234750', '238010'], ['237890', '239010'], ['240530', '246690'], ['251590', '255250'], ['256450', '258250'], ['260630', '280170']]"
14,c15.cha,"['die geeft bloemen water .', 'die doet er water in .', 'geeft de bloemen water .', 'gaat ze gaat hij een bloempje plukken .', 'dat doet een aamplantser .', 'aamplantser die doet het in zijn haar .', 'die schopt met de bal .', 'die schopt ook die schopt bijna de bal in het water .', 'die die heeft een veertje grappig veertje .', 'die huilt . .', 'omdat zijn bal in het water is .', 'kijk die gaat de bal pakken .', 'kijk . nou heeft hij hem .', 'hij pakt de bal .', 'kijk . nou heeft hij de bal .', 'die wil een ijsje hebben .', 'die heeft een die heeft nou een ijsje .', 'en die mag eentje aan de heks geven & he .', 'hij heeft hem nog steeds niet op .', 'nee .', 'nou en nou slikt hij ervan .', 'ja .', 'gaat hij weer een ijsje kopen .', 'die gaat naar de boom lopen .', 'nou klimt hij op de boom .', 'nou komt er een man eraan .', 'nou zet hij hem weg .', 'nou zet hij hem bij de andere boom .', 'kan hij ook klimmen .', 'nou staat hij op de boom maar wat te huilen .']","[['240', '1340'], ['1640', '7680'], ['8080', '12080'], ['19680', '22520'], ['28480', '29840'], ['72100', '81960'], ['94580', '96920'], ['103880', '109640'], ['111660', '120620'], ['122600', '123120'], ['124780', '126640'], ['127240', '131800'], ['137080', '139600'], ['146360', '148260'], ['182500', '183000'], ['179900', '181700'], ['184600', '187000'], ['189700', '194540'], ['201440', '203540'], ['204900', '205400'], ['205840', '212560'], ['215420', '215920'], ['248370', '248950'], ['252830', '254610'], ['255990', '259610'], ['263350', '264930'], ['269070', '275550'], ['273890', '276090'], ['277230', '278210'], ['281230', '285430']]"
15,c01.cha,"['een meisje een ballerina die gaat .. de water die gaat het water over het gras heen doen .', 'ze ze haalt het water .', 'en ze geeft de bloemetjes water .', 'maar er komt een zuster aan .', 'ze plukt een bloemetje .', 'die is voor jou .', 'ze doet hem in haar haar .', 'ze lacht .', 'en ze doet haar ogen dicht .', 'die piraat die heeft een voetbal gepakt .', 'hij schopt hem in het water .', 'en hij lacht .', 'nu gaat hij huilen .', 'en er komt er een meneertje aan .', 'ik weet niet hoe dat heet .', 'en en die hebt een net .', 'en dan kijkt de piraat weer blij .', 'die haalt . die bal uit het water .', 'hij is weer blij .', 'hij lacht .', 'en hij heeft zijn voetbal weer in zijn hand .', 'een prinses die hee die neemt een ijsje . met een euro in de één .', 'ze heeft . ze likt van haar ijsje af .', 'er komt een heks aan .', 'en ze zegt', 'die is voor jou .', 'dankjewel .', 'ze likt aan het ijsje .', 'daarna neemt ze weer een euro .', 'en ze geeft één euro .', 'en ze neemt er weer een ijsje .', 'die pakt een appel met een ladder .', 'hij klimt naar boven .', 'hij pakt een appel .', 'en . daar komt de cowboy aan .', 'hij haalt de ladder weg .', 'hij neemt hem mee .', 'en die ander die blijft er staan .', 'hij is . hij doet . hij heeft zijn mond open .', 'en hij staat op het takje .']","[['1150', '10630'], ['10710', '15150'], ['16130', '19330'], ['19160', '20840'], ['21300', '24820'], ['25940', '29880'], ['30560', '35980'], ['35800', '36420'], ['36720', '38120'], ['61990', '64830'], ['66010', '68790'], ['69890', '70850'], ['72350', '75290'], ['76130', '79170'], ['79250', '80490'], ['81730', '84590'], ['84610', '88030'], ['89310', '93490'], ['93590', '94750'], ['96430', '98430'], ['98830', '100910'], ['122260', '129200'], ['130500', '133480'], ['133500', '139300'], ['140340', '141220'], ['141220', '142920'], ['144340', '147140'], ['153460', '155080'], ['159320', '161100'], ['162680', '163900'], ['163920', '165720'], ['190990', '193750'], ['195690', '197290'], ['197690', '202530'], ['202910', '205950'], ['209290', '211470'], ['212750', '216750'], ['216730', '218890'], ['225150', '230570'], ['231010', '232690']]"
16,c29.cha,"['. meisje gietert .', 'ze wil wat water in de kraan doen .', 'ze wil plantjes water geven .', 'ziekenmevrouw wil de bloemen plukken .', 'de ziekenmevrouw wil de bloemen aan het meisje geven .', 'het meisje heeft heeft het bloemetje in het haar .', 'die piraat heeft een bal .', 'de piraat de piraat wil de bal in het zee in de zee stoppen .', 'de piraat is nat .', 'de ridder heeft tennisnetten .', 'de ridder vangt de bal op .', 'de piraat heeft de bal .', 'dat meisje wil een ijsje .', 'ze heeft een ijsje .', 'het meisje wil het aan aan de tovenaar geven .', 'de tovenaar wil hem opeten .', 'de tovenaar gaat aan eraan likken .', 'het meisje wil nog een ijsje .', 'de indiaan wil een appel pakken .', 'de indiaan xxx gaat op een ladder .', 'een cowboy wil ook een appel .', 'de de cowboy wil de ladder wegdoen .', 'de cowboy neemt de ladder mee .', 'de ridder de indiaan schreeuwt .']","[['560', '2920'], ['4080', '10380'], ['10740', '14300'], ['20440', '21880'], ['23680', '31340'], ['67060', '68200'], ['71080', '72780'], ['73680', '81580'], ['82880', '85280'], ['85890', '92090'], ['93610', '100010'], ['100810', '105310'], ['133310', '137310'], ['139680', '141480'], ['143140', '148900'], ['150340', '153800'], ['156260', '159540'], ['160460', '165580'], ['193310', '197170'], ['200340', '203300'], ['204220', '211640'], ['215220', '219160'], ['219980', '224800'], ['226040', '231500']]"
17,c28.cha,"['.. weet ik niet meer wat dat is .', 'ze gaat de bloemen water geven .', 'en gaat ze een beetje water pakken .', '& ehm . dat weet ik niet meer .', 'hij gaat bloemen water geven .', 'dan gaat ze dokter een bloemetje pakken .', 'die geeft ze aan het danseresje .', 'en doet ze in haar haar .', 'piraat ?', 'gaat voetballen .', 'dan gaat hij schoppen .', 'en dan ligt hij in het water .', 'en dan gaat de ridder hem eruit met een net halen .', '.. dat weet ik niet meer .', 'geeft hij hem aan aan aan de piraat .', 'ze geeft een muntje .', 'en ze krijgt een ijsje .', 'ze heeft een ijsje in de hand .', 'en ze gaat hem oplikken .', 'en nu geeft ze hem aan de heks .', '& ehm .. dan weet ik het niet meer .', '& ehm ... en ze de heks gaat haar hem opeten .', 'en dan gaat en nu gaat ze hem opeten .', 'en dan gaat ze eerst likken .', 'en daarna gaat nadat ze het opgelikt heeft gaat ze dat harde eten .', 'en dan geeft ze weer xxx een muntje xxx .', 'de indiaan gaat appels één appeltje plukken .', 'en dan pakt hij nu xxx .', 'gaat hij eerst een ladder pakken .', 'en daarna gaat hij een appeltje pakken .', 'en dan komt de cowboy .', 'dan neemt hij hem mee .', 'en dan zit hij alleen in een boom .']","[['2180', '4140'], ['7820', '10460'], ['13960', '17100'], ['22650', '24750'], ['28710', '30970'], ['35110', '40210'], ['43770', '47010'], ['51510', '54090'], ['75910', '76410'], ['77090', '77890'], ['80650', '83570'], ['84090', '88810'], ['93250', '98110'], ['102470', '104290'], ['117160', '121700'], ['149060', '150760'], ['150740', '152080'], ['154300', '156800'], ['156560', '157600'], ['158920', '164340'], ['170470', '172770'], ['174230', '185790'], ['191200', '193640'], ['193600', '194860'], ['194900', '199340'], ['202340', '205800'], ['226800', '231340'], ['236430', '238550'], ['238570', '241190'], ['241270', '243450'], ['244990', '250550'], ['260920', '266160'], ['266940', '271360']]"
18,c14.cha,"['zangeres met emmer .', 'gaat naar de kraan .', 'ze doet er water in .', 'ze geeft het water aan de plantjes .', 'de dokter pakte een plantje .', 'de dokter geeft het aan het zangeresje .', 'zangeresje die doet het op haar hoofd .', 'Pietpiraat met een bal .', 'hij pakt een net .', 'hij haalt de bal eruit .', 'Pietpiraat is er weer blij mee .', '. prinses die wil een ijsje .', 'ze neemt er een slikje van .', 'ze geeft hem aan de heks .', 'de heks . die is er blij mee .', 'de heks neemt er een slikje van .', 'dan vraagt ze om nog een ijsje .', 'de indiaan gaat naar een boom .', 'hij klimt op de trap .', 'hij probeert de appel te pakken .', 'de cowboy die pakt de trap .', 'de cowboy gaat ermee weg .', 'de indiaan die schreeuwt heel hard']","[['2320', '3260'], ['13400', '16560'], ['18140', '19880'], ['22140', '24840'], ['27680', '33460'], ['36660', '49980'], ['45420', '65440'], ['71850', '72970'], ['75930', '88530'], ['120720', '121320'], ['120180', '123940'], ['123440', '127300'], ['128500', '134120'], ['139580', '140480'], ['140800', '152360'], ['154680', '157780'], ['188200', '188720'], ['188540', '189660'], ['190720', '195900'], ['197860', '201940'], ['207400', '209920'], ['210620', '216040'], ['219670', '228790']]"
19,c02.cha,"['weet het niet meer .', 'weet ik niet .', 'de danseres had een gieter in zijn hand .', 'en xxx water in doen .', 'toen stapte & polie op de bloemetjes .', 'en een dokter komt eraan .', 'de dokter plukt een bloemetje .', 'hij geeft hem aan de danseres .', 'en hij doet hem in zijn haar .', 'dat is een dief .', 'hij heeft een bal in zijn hand .', 'en hij schopt hem omhoog .', 'en hij schopt hem omhoog .', 'en . en een ridder komt er aan .', 'de bal ligt in het water .', 'en en de piraat huilt .', 'en & ehm . de ridder hebt een net in zijn hand .', 'en hij wilde de bal weer uit het water halen .', 'en hij heeft hem uit het water gepakt .', 'en de & piraat is er weer blij om .', 'en hij speelt er weer fijn mee .', 'er is een prinses en een ijsje .', 'en die heeft één euro .', 'en hij wil een ijsje kopen .', 'en hij likt er fijn aan .', 'en hij likt er fijn aan !', 'en hij geeft hem aan de heks .', 'en heks kijkt ernaar .', 'en hij pakt hem aan .', 'en heks xxx .', 'en de heks likt er ook fijn aan .', 'en de prinses wil weer een ijsje kopen .', 'er is een indiaan met een trap in zijn hand .', 'en hij wil een appel pakken .', 'hij klimt op de ladder .', 'en wil pakt een appel .', 'en daar komt', 'ja ik weet niet hoe die heet .', 'cowboy komt eraan .', 'en hij zegt wat hij aan het doen is .', 'haalt de ladder ervan weg .', 'en hij pakt de ladder .', 'indiaan kan er niet meer vanaf .', 'en hij blijft er de hele dag erop zitten .', 'en indiaan wil ook een appel uit de boom halen .', 'oh , en de indaan zegt']","[['2120', '3580'], ['7040', '9680'], ['12080', '14900'], ['20040', '21440'], ['22120', '26280'], ['26420', '29820'], ['32740', '35700'], ['36240', '50420'], ['76040', '77180'], ['71300', '72800'], ['73140', '75000'], ['76880', '80080'], ['82720', '84080'], ['87980', '101680'], ['90440', '92360'], ['92180', '94500'], ['97940', '102960'], ['103340', '106240'], ['110380', '112860'], ['113260', '116820'], ['119940', '121480'], ['141000', '143080'], ['143260', '144520'], ['144900', '146440'], ['148300', '152360'], ['153880', '155840'], ['155960', '160840'], ['164280', '167480'], ['168240', '172820'], ['173400', '176240'], ['185540', '187860'], ['191520', '195940'], ['213580', '218420'], ['218220', '219680'], ['220640', '223260'], ['223640', '225500'], ['229660', '231360'], ['232570', '233430'], ['234870', '237850'], ['238150', '241170'], ['242550', '245890'], ['246770', '248050'], ['248670', '250610'], ['253590', '256510'], ['256870', '261190'], ['261610', '267190']]"
20,c16.cha,"['die gaat water sproeien .', 'die gaat water sproeien .', 'ze gaat er water in doen .', 'ze gaat het water door de bloemen natmaken .', 'anders gaan ze dood .', 'en en dokter gaat plukte één bloem .', 'ze geeft hem aan haar .', 'ze slaapt .', 'dat is Pietpiraat .', 'ze gaat voetballen .', 'ze huilt .', 'nu huilt hij niet meer .', 'ze ze gaat zijn bal pakken .', 'en nu heeft hij de bal weer terug .', 'ze gaat ijsjes kopen .', 'ze heeft een ijsje .', 'de .. de mevrouw die geeft hem aan de heks .', 'en nu heeft de heks hem .', 'nu geeft de heks weer aan de xxx .', 'nu slikt de heks .', 'nu geeft hij [///] nu pakt hij nog een ijsje .', 'ze pakt een ze ze gaat appels plukken .', 'ze gaat op de trap .', 'ze pakt een nieuwe appel .', 'en nu pakt die . agent haar af .', 'nu kan ze niet uit de boom komen .', 'dat is haar eigen schuld .', 'dan moet je daar gewoon niet op komen .', 'ze huilt .']","[['540', '1760'], ['1900', '3600'], ['10820', '13160'], ['16950', '21090'], ['21410', '22650'], ['26250', '32290'], ['39580', '41820'], ['45840', '47760'], ['93060', '93940'], ['99560', '100440'], ['101000', '104240'], ['108660', '110380'], ['112620', '118440'], ['119400', '123760'], ['153740', '156980'], ['159160', '161580'], ['162240', '171560'], ['174380', '177280'], ['178400', '183020'], ['183640', '184700'], ['188380', '191520'], ['215690', '219430'], ['220810', '224230'], ['224310', '229310'], ['231450', '237470'], ['240940', '242700'], ['244060', '245640'], ['245540', '247100'], ['251160', '258320']]"
21,c17.cha,"['een ballerina die heeft alweer een gieter .', 'en doet de kraan open .', 'en loopt de gieter vol .', 'en daarna . geeft ze de bloemetjes water .', 'en de verpleegster staat ernaast .', 'de verpleegster pakt een bloem .', 'en geeft het aan het prinsesje .', 'ze doet de bloem in haar haar .', 'een piraat heeft een bal .', 'en schopt hem in het meer .', 'en nu ligt hij in in het meer .', 'maar de ridder die heeft een schepnet .', 'en pakt de bal eruit .', 'eindelijk heeft de piraat zijn bal terug .', 'een prinsesje geeft één euro aan de ijsman .', 'het prinsesje heeft een ijsje .', 'het prinsesje geeft het ijsje aan de heks .', 'en de heks eet hem op .', 'en likt aan het ijsje .', 'en dan geeft ze nog een euro aan de ijsman .', 'de indiaan pakt een ladder om in de boom te komen voor de appels .', 'hij klimt erop .', 'en springt misschien op de tak .', 'en pakt die appel .', 'hij pakt de appel .', 'en dan komt er een cowboytje aanlopen .', 'de cowboy pakt de ladder .', 'nu zit de indiaan vast in een boom .', 'en hij roept']","[['2200', '4580'], ['7380', '9580'], ['9780', '13160'], ['15340', '20100'], ['20940', '22640'], ['24320', '27280'], ['28580', '45080'], ['68180', '68800'], ['68510', '70050'], ['70670', '75450'], ['77010', '81730'], ['85170', '88190'], ['91580', '92760'], ['93600', '98940'], ['124390', '127670'], ['129870', '133410'], ['134290', '140130'], ['144170', '146950'], ['148330', '151650'], ['152530', '157790'], ['186780', '193820'], ['195220', '196440'], ['197000', '199720'], ['199420', '200680'], ['202260', '204980'], ['205280', '207180'], ['210000', '212380'], ['212620', '219080'], ['224080', '224680']]"
22,c03.cha,"['hij moet water .', 'hij heeft het nodig voor de bloemen .', 'dokter pakt de bloem eruit .', 'de dokter geeft de bloem aan de het balletdanseres .', 'de balletdanseres die doet zijn bloem . op zijn haar .', 'de piraat gaat voetballen .', 'hij schopt het in het water .', 'hij moet huilen omdat hij de bal in het water heeft geschopt .', '.. hij wil een vis vangen .', 'hij wilde de bal .', 'hij kon eindelijk weer voetballen .', 'de prinses die wil een ijsje kopen .', 'dat hij aan het ijsje likt .', 'de prinses geeft het ijsje aan de heks .', 'dan gaat de heks hem opeten .', 'en nou eet hij hem op .', 'koopt een ijsje .', 'de indiaan wil een appel pakken uit de boom .', 'hij klimt op de ladder .', 'en pakt de appel .', 'de cowboy komt .', 'hij wilde zijn trap lenen .', 'toen ging hij weer weg .', 'hij hij heeft geen ladder meer .']","[['22150', '24930'], ['33670', '37010'], ['37610', '46770'], ['51440', '60000'], ['67140', '73400'], ['104190', '105970'], ['107270', '112510'], ['113510', '123830'], ['145240', '150440'], ['153920', '155340'], ['161260', '163300'], ['190120', '193840'], ['206510', '214770'], ['219270', '225310'], ['231970', '235470'], ['236250', '245150'], ['283220', '288720'], ['288220', '291520'], ['292540', '299180'], ['299420', '301840'], ['301980', '310220'], ['311960', '317780'], ['318580', '325720'], ['327520', '336300']]"
23,c07.cha,"['een meisje die geeft de planten . water .', 'en in een gietertje doet het . water erin .', 'en en en ze doet de plantjes .', 'en de dokter die plukt de bloemen .', 'en die geeft het aan het meisje .', 'en die doet ze in het haar .', 'een een piraat die heeft de bal .', 'en die schopt hij in het water .', 'en de bal die ligt nou in het water .', 'en de piraat die moet huilen .', 'en nu is die weer opgehouden met huilen .', 'en de ridder die vangt met een net de bal er weer uit .', 'en de piraat is heel trots .', 'en dan heeft ze er een .', 'en en die geeft ze aan de heks .', 'en de heks die eet het op .', 'en ze geeft het muntje .', 'de indiaan die wil een appel .', 'en hij klimt op de ladder .', 'en dan pakt hij er één .', 'en dan pakt een die pakt hem af .', 'en dan zit hij op een tak .', 'en de indiaan roept', 'help !']","[['1240', '3960'], ['4760', '11740'], ['13840', '18240'], ['18840', '26740'], ['26960', '32120'], ['33520', '37380'], ['61480', '68120'], ['69050', '75150'], ['75530', '81450'], ['81430', '82970'], ['86850', '92330'], ['92630', '101710'], ['135780', '136300'], ['131060', '133840'], ['148940', '161460'], ['158380', '162880'], ['163480', '170500'], ['194230', '196630'], ['198450', '201550'], ['203910', '206210'], ['209410', '214370'], ['214630', '218550'], ['221830', '225450'], ['226190', '226690']]"
24,c13.cha,"['een meisje met een bloempot .', 'de danseres weer .', 'ze doet water via een kraan . ja .', 'en de g die doet de bloemen geeft hij water van een dokter .', 'en de dokter plukt een bloem .', 'en ze geeft het aan de danseres .', 'en ze zet het in haar haar .', 'Pietpiraat met de bal .', 'en die schopt . de bal .', 'de bal gaat in het water .', 'en hij is verdrietig .', 'ja !', 'de ridder haalt een net van de piraat denk ik .', 'en die vist hem eruit .', 'en toen en de piraat met de bal in zijn hand .', '. de prinses wilde graag een ijsje kopen .', 'en ze had een ijsje gekocht .', 'en ze gaf dat ijsje aan de heks .', 'en de heks had hem in zijn hand van een prinses .', 'en ze slikte hem op .', 'de heks die hebt een ijsje ja .', 'en toen koop en kocht de prinses nog een ijsje .', 'een indiaan die ging naar een appelboom .', 'die deed de ladder tegen de boom .', 'en hij plukte een appel .', 'en toen kwam de cowboy erbij ja !', 'en die pakt de ladder weg om nog een appel te plukken , om de ladder iets ander . van de andere boom .', 'toen liep hij naar de andere appelboom .', 'merkte de indiaan niet denk ik .', 'hij riep heel hard', 'omdat de ladder weg was .']","[['820', '2580'], ['3160', '4180'], ['6600', '9180'], ['10960', '15440'], ['19040', '21420'], ['23400', '26960'], ['57300', '57940'], ['64120', '65040'], ['65220', '70140'], ['70480', '73680'], ['73640', '74540'], ['76000', '76500'], ['76600', '80860'], ['82700', '84500'], ['85080', '91500'], ['130790', '132950'], ['134130', '136650'], ['137210', '141630'], ['142390', '147130'], ['150090', '151950'], ['152810', '154730'], ['156630', '159770'], ['201290', '203310'], ['206020', '208540'], ['209800', '214020'], ['214360', '216420'], ['216600', '224360'], ['224400', '226480'], ['226740', '230500'], ['231460', '232580'], ['232700', '233780']]"
25,c12.cha,"['water geven .', 'het meisje haalt het water uit de kraan .', 'die gaat de bloemen water geven .', 'dokter plukt één weg .', 'dokter geeft aan de meisje een bloem .', 'hij vindt die bloem lief .', 'Pietpiraat gaat voetballen .', 'Pietpiraat gaat de voetbal in de zee doen .', 'hij is verdrietig dat hij de bal in de zee heeft .', 'de ... de ridder pakt de bal uit het water .', 'hij heeft hem uitgevist .', 'de Pietpiraat is blij .', 'prinses wil een ijsje kopen .', 'hij vindt het ijsje lekker .', 'hij geeft hem aan de heks .', 'een heks eet hem op .', 'hij likt ervan .', 'hij koopt nog een ijsje .', 'hij haalt appels uit de boom .', 'de indiaan .', 'hij klimt erin .', 'hij pakt er één uit .', 'indiaan staat de indiaan staat op de boom .', 'de cowboy nam de ladder mee .', 'en hij viel bijna eraf .']","[['13630', '16630'], ['21940', '24140'], ['26740', '29400'], ['42320', '43900'], ['45860', '51740'], ['71810', '76290'], ['115860', '116620'], ['119140', '123980'], ['126400', '129860'], ['131480', '139420'], ['140280', '143200'], ['145160', '147800'], ['182860', '184300'], ['185920', '189640'], ['191880', '194400'], ['195380', '199340'], ['201860', '203500'], ['204680', '208260'], ['238840', '241860'], ['242220', '244980'], ['247000', '249120'], ['252040', '254200'], ['258750', '263150'], ['263670', '272890'], ['276070', '277750']]"
26,c06.cha,"['de meisje heeft een gieter .', 'de meisje loopt naar de kraan .', 'de meisje gaat nou haar bloemetjes gieteren .', 'en de dokter die gaat één plukken .', 'en de dokter die die heeft een roze bloem .', 'en dan doet ze de bloem in haar haar .', 'een Pietpiraat met de voetbal .', 'dan schopt hij hem .', 'dan is die in het water .', 'dan gaat de ridder hem vangen .', 'en hij heeft de v hij heeft de bal in een net gevangen .', 'nu heeft hij zijn bal weer terug .', 'prinses wil een ijsje .', 'nu heeft ze een lekker ijsje .', 'nou kwam ze de heks tegen .', 'nu is heeft de heks het ijsje .', 'nu gaat de heks erop likken .', 'nu gaat ze nog één kopen .', 'een indiaan loopt met een ladder in zijn hand .', 'dan klimt hij in de boom met zijn ladder .', 'dan wil die een appel .', 'dan kan die niet meer naar beneden .', 'een cowboy heeft nou de ladder .']","[['1040', '3640'], ['4860', '10400'], ['10780', '16440'], ['19840', '23080'], ['24480', '35280'], ['38100', '42340'], ['64680', '66780'], ['67580', '71320'], ['72780', '75540'], ['76640', '80740'], ['83380', '87200'], ['87900', '92960'], ['117030', '119150'], ['121130', '123510'], ['126110', '128690'], ['132690', '134790'], ['137110', '139590'], ['140270', '144210'], ['165440', '168800'], ['168860', '172600'], ['174100', '176280'], ['178840', '180620'], ['182320', '184860']]"
27,c10.cha,"['een meisje met een gieter .', 'die doet in de gieter wat water .', 'dan doet hij het op de bloemen .', 'en dan komt de dokter .', 'de dokter die plukt een bloemetje .', 'en geeft de bloemetje aan het meisje .', 'en dan doet ze het in haar haar .', 'een piraat met een bal .', 'hij schopt de bal in het water .', 'dan huilt moet hij huilen .', 'de ridder heeft een visnet .', 'hij pakt de bal eruit .', 'en dan is de Pietpiraat er blij mee .', 'een meisje wil een ijsje de prinses wil een ijsje kopen .', 'en dan gaat hij aan likken .', 'zij geeft het aan de heks .', 'dan is de heks er blij mee .', 'dan likt die eraan .', 'dan koopt ze nog een ijsje voor zichzelf .', 'een brandweerman een indiaan die wil in een bloom boom klimmen .', 'die pakt een appel .', 'en hij wil hij pakt de appel .', 'en de indiaan die durft niet meer naar beneden .', 'dan zegt hij']","[['180', '2980'], ['5920', '10860'], ['13140', '16560'], ['17320', '18520'], ['20290', '22790'], ['24030', '29330'], ['31370', '50190'], ['59450', '61010'], ['61530', '64970'], ['67530', '71730'], ['74690', '77090'], ['109840', '110440'], ['105720', '106780'], ['106280', '113040'], ['113900', '117480'], ['118460', '122960'], ['125170', '128090'], ['128790', '134990'], ['136570', '141690'], ['168220', '173020'], ['174720', '176760'], ['180380', '199020'], ['201160', '203800'], ['234420', '234440']]"
28,c04.cha,"['een ballerina ging de drinken geven aan de plantjes .', 'en toen ging die de waterkraan . aandoen .', 'en hij ging de tanken even tanken .', 'en toen geeft hij [/] en toen geeft hij het aan de plantjes .', 'en toen kwam een ziek een dokter .', 'en hij keek naar de bloemen .', 'en hij geeft het aan de ballerina .', 'en hij zet het op haar hoofd .', 'een piraat kwam met een bal .', 'en hij en hij schopt hem met de bal .', 'maar toen was die en toen was die in de water .', 'en hij ging huilen .', 'en die ridder ging hem pakken .', 'en hij pakt hem .', 'en hij heeft hem .', 'en de piraat had weer zijn bal terug .', 'een prinses wilde een ijsje .', 'en hij heeft . en hij eet hem .', 'en toen geeft die het aan de heks .', 'en toen was de heks blij .', 'en toen likt die hem ook .', 'en toen ging die weer naar de naar de ijsjeswinkel .', 'een indiaan ging een boom pakken & ehm appel .', 'en hij klom in de klimmerek .', 'en hij heeft had hem .', 'en hij zat hij ging staan op de boom .', 'en toen kwam kon die niet meer weg .', 'en hij zat steeds .', 'en hij kon steeds niet naar beneden gaan .', 'en toen had ging die cowboy weg .', 'en toen zei die indiaan']","[['1120', '5580'], ['5960', '13760'], ['14860', '17940'], ['19580', '23860'], ['24420', '31620'], ['34000', '37120'], ['36920', '42860'], ['44240', '50240'], ['73770', '76950'], ['77590', '85470'], ['85830', '90890'], ['91290', '92310'], ['94420', '97320'], ['98480', '102540'], ['102700', '103700'], ['138430', '139570'], ['137290', '140530'], ['141550', '149170'], ['153990', '156370'], ['158350', '161010'], ['163230', '167410'], ['197760', '198260'], ['201970', '204130'], ['207690', '210810'], ['213370', '219170'], ['218180', '222600'], ['223260', '231240'], ['231720', '234120'], ['235180', '237380'], ['239720', '244700'], ['246580', '250760']]"
29,c05.cha,"['hij heeft een gieter in zijn hand .', 'en hij .. gaat de gieter vullen .', 'en hij strooit het over de bloemen .', 'en de dokter die plukt er één .', 'en die geeft hem aan de .. jong meisje .', 'en die doet ze in haar haar .', 'de piraat speelt met de bal .', 'en hij schopt hem .', 'en hij is verdrietig .', 'en toen zag die een ridder staan .', 'die ging de bal weer pakken .', 'toen ging die er weer mee spelen .', 'de prinsesje wilde een ijsje kopen .', 'en toen had hij er één .', 'toen gaf ze hem aan de heks .', 'en daar was die blij mee .', 'en toen at die hem op .', 'en toen kocht die nog een .', 'de indiaan ging een appel pakken .', 'toen klom die in de boom .', 'toen ging die één pakken .', 'en toen ging de ... cowboy de trap wegpakken .', 'en toen kon de indiaan er niet meer uit .', '.. weet ik niet die .']","[['10840', '13560'], ['16260', '21580'], ['27000', '30580'], ['35560', '38480'], ['41340', '53580'], ['76370', '76970'], ['74310', '79530'], ['80530', '84990'], ['85670', '89790'], ['92950', '98230'], ['98590', '104070'], ['105450', '109990'], ['135560', '139100'], ['142520', '143920'], ['145260', '151600'], ['154490', '156670'], ['156810', '162530'], ['195070', '195690'], ['190140', '192620'], ['193040', '199700'], ['200660', '204620'], ['205320', '218760'], ['221600', '225700'], ['226660', '235900']]"
30,c11.cha,"['een elfje . en een gieter .', 'een elfje .', 'doet de plantjes water .', 'een zuster een mei elfje .', 'bloemetjes water geven .', 'de zuster pakt er één .', 'en die geeft aan het me elfje .', 'het elfje doet in zijn haar .', 'een Pietpiraat .', 'een bal .', 'Pietpiraat gooit de bal in de zee .', 'de ridder en de Pietpiraat .', 'de bal valt in het water .', 'en die is nat .', 'huilen .', 'de ridder en de Pietpiraat .', 'een net .', 'de Pietpiraat en de ridder .', 'de ridder vangt de bal op .', 'de fee .', 'een ijsje kopen .', 'de fee eet het ijsje op .', 'de fee geeft die ijsje aan de heks .', 'de fee . de heks en de fee .', 'ijsje opeten .', 'de heks en de fee .', 'ze slikt het ijsje af .', 'de prinses koopt nog een ijsje .', 'de indiaan .', 'die pakt appeltjes .', 'die klimt op de ladder .', 'ze pakt één van de boom .', 'en de cowboy neemt de trap weg .', 'de indiaan kan er niet meer af .', 'de indiaan schreeuwt .']","[['3820', '8160'], ['10360', '17920'], ['20930', '22970'], ['27390', '32270'], ['34830', '37050'], ['43740', '45900'], ['48020', '51680'], ['54820', '58960'], ['91180', '92140'], ['94300', '95180'], ['95840', '101460'], ['106800', '121540'], ['111340', '115100'], ['115480', '120300'], ['122460', '122960'], ['126960', '128560'], ['133910', '136130'], ['139890', '146770'], ['147250', '149450'], ['193370', '194710'], ['196450', '198650'], ['202150', '206170'], ['207470', '213490'], ['213490', '219550'], ['221290', '223230'], ['226380', '228240'], ['230700', '234940'], ['239100', '242720'], ['266270', '267070'], ['269510', '271110'], ['272030', '276710'], ['280450', '282190'], ['286620', '290220'], ['291640', '297340'], ['299920', '303780']]"
